﻿{
  "msg": "",
  "code": 0,
  "count": 5,
  "data": [
    {
      "Id": 12,
      "Comment": "余忆童稚时，能张目对日，明察秋毫，见渺小之物，必细察其纹理",
      "Visitor": "回复帖",
      "State": 1,
      "SubTime": "2020/03/21 10:10:01"
    },
    {
      "Id": 11,
      "Comment": "铁门前篮框银杏花，茅草屋可有住人家",
      "Visitor": "会员",
      "State": 1,
      "SubTime": "2020/03/21 10:10:01"
    },
    {
      "Id": 10,
      "Comment": "玩皮筋迷藏石桥下，姥姥又纳鞋坐院坝",
      "Visitor": "会员",
      "State": 1,
      "SubTime": "2020/03/21 10:10:01"
    },
    {
      "Id": 9,
      "Comment": "这里最近这几年发真的越来越好了，真好！",
      "Visitor": "匿名用户",
      "State": 0,
      "SubTime": "2020/03/10 10:03:45"
    },
    {
      "Id": 8,
      "Comment": "这里最近这几年发真的越来越好了，真好！",
      "Visitor": "孙悟空",
      "State": 0,
      "SubTime": "2020/03/10 10:03:45"
    },
    {
      "Id": 7,
      "Comment": "铁道旁赤脚追晚霞，玻璃珠铁盒英雄卡",
      "Visitor": "匿名用户",
      "State": 1,
      "SubTime": "2020/03/21 10:10:01"
    },
    {
      "Id": 6,
      "Comment": "我记着两年前来的时候，这里的旅游业还很不景气，没想到现在搞得这么好了",
      "Visitor": "小白",
      "State": 1,
      "SubTime": "2020/03/21 10:10:01"
    },
    {
      "Id": 5,
      "Comment": "@康熙花园规划 这个地方的规划在原来的基础上继续打造最美 王打卦，令人称赞！",
      "Visitor": "匿名用户",
      "State": 1,
      "SubTime": "2020/03/10 15:03:17"
    },
    {
      "Id": 4,
      "Comment": "这里最近这几年发真的越来越好了，真好！",
      "Visitor": "张飞",
      "State": 0,
      "SubTime": "2020/03/10 10:03:45"
    },
    {
      "Id": 3,
      "Comment": "我有一计可助王打卦成为平原县的龙头旅游景点",
      "Visitor": "匿名用户",
      "State": 0,
      "SubTime": "2020/03/10 10:03:45"
    }
  ]
}